customer_id,customer_name,city,state,region,segment,signup_date
1,Aarav Sharma 1,Mumbai,Maharashtra,West,Corporate,2024-10-16
2,Vivaan Sharma 2,Pune,Maharashtra,West,Small Business,2023-04-25
3,Aditya Sharma 3,Ahmedabad,Gujarat,West,Consumer,2023-01-26
4,Arjun Sharma 4,Surat,Gujarat,West,Corporate,2025-01-29
5,Rohan Sharma 5,Delhi,Delhi,North,Small Business,2023-10-09
6,Kabir Sharma 6,Jaipur,Rajasthan,North,Consumer,2023-09-08
7,Rahul Sharma 7,Lucknow,Uttar Pradesh,North,Corporate,2023-08-17
8,Karan Sharma 8,Chandigarh,Chandigarh,North,Small Business,2023-05-23
9,Neeraj Sharma 9,Bengaluru,Karnataka,South,Consumer,2025-01-24
10,Yash Sharma 10,Chennai,Tamil Nadu,South,Corporate,2023-04-15
11,Ananya Sharma 11,Hyderabad,Telangana,South,Small Business,2024-11-23
12,Diya Sharma 12,Kochi,Kerala,South,Consumer,2025-01-28
13,Isha Sharma 13,Kolkata,West Bengal,East,Corporate,2025-07-02
14,Meera Sharma 14,Bhubaneswar,Odisha,East,Small Business,2024-07-12
15,Priya Sharma 15,Patna,Bihar,East,Consumer,2023-03-31
16,Aditi Sharma 16,Mumbai,Maharashtra,West,Corporate,2024-08-27
17,Kavya Sharma 17,Pune,Maharashtra,West,Small Business,2024-03-08
18,Nisha Sharma 18,Ahmedabad,Gujarat,West,Consumer,2023-02-02
19,Riya Sharma 19,Surat,Gujarat,West,Corporate,2023-01-31
20,Sana Sharma 20,Delhi,Delhi,North,Small Business,2023-04-06
21,Aarav Verma 21,Jaipur,Rajasthan,North,Consumer,2023-08-12
22,Vivaan Verma 22,Lucknow,Uttar Pradesh,North,Corporate,2023-08-27
23,Aditya Verma 23,Chandigarh,Chandigarh,North,Small Business,2024-06-01
24,Arjun Verma 24,Bengaluru,Karnataka,South,Consumer,2024-09-08
25,Rohan Verma 25,Chennai,Tamil Nadu,South,Corporate,2023-01-28
26,Kabir Verma 26,Hyderabad,Telangana,South,Small Business,2024-07-28
27,Rahul Verma 27,Kochi,Kerala,South,Consumer,2023-07-23
28,Karan Verma 28,Kolkata,West Bengal,East,Corporate,2025-01-03
29,Neeraj Verma 29,Bhubaneswar,Odisha,East,Small Business,2024-10-27
30,Yash Verma 30,Patna,Bihar,East,Consumer,2024-12-19
31,Ananya Verma 31,Mumbai,Maharashtra,West,Corporate,2024-07-12
32,Diya Verma 32,Pune,Maharashtra,West,Small Business,2024-03-05
33,Isha Verma 33,Ahmedabad,Gujarat,West,Consumer,2023-08-14
34,Meera Verma 34,Surat,Gujarat,West,Corporate,2024-04-04
35,Priya Verma 35,Delhi,Delhi,North,Small Business,2024-08-26
36,Aditi Verma 36,Jaipur,Rajasthan,North,Consumer,2023-10-12
37,Kavya Verma 37,Lucknow,Uttar Pradesh,North,Corporate,2025-04-08
38,Nisha Verma 38,Chandigarh,Chandigarh,North,Small Business,2025-06-09
39,Riya Verma 39,Bengaluru,Karnataka,South,Consumer,2023-01-07
40,Sana Verma 40,Chennai,Tamil Nadu,South,Corporate,2025-02-16
41,Aarav Patel 41,Hyderabad,Telangana,South,Small Business,2025-04-05
42,Vivaan Patel 42,Kochi,Kerala,South,Consumer,2023-06-13
43,Aditya Patel 43,Kolkata,West Bengal,East,Corporate,2024-12-15
44,Arjun Patel 44,Bhubaneswar,Odisha,East,Small Business,2024-03-08
45,Rohan Patel 45,Patna,Bihar,East,Consumer,2023-12-15
46,Kabir Patel 46,Mumbai,Maharashtra,West,Corporate,2023-10-12
47,Rahul Patel 47,Pune,Maharashtra,West,Small Business,2023-06-09
48,Karan Patel 48,Ahmedabad,Gujarat,West,Consumer,2023-08-09
49,Neeraj Patel 49,Surat,Gujarat,West,Corporate,2025-09-07
50,Yash Patel 50,Delhi,Delhi,North,Small Business,2025-02-20
51,Ananya Patel 51,Jaipur,Rajasthan,North,Consumer,2023-12-11
52,Diya Patel 52,Lucknow,Uttar Pradesh,North,Corporate,2023-04-15
53,Isha Patel 53,Chandigarh,Chandigarh,North,Small Business,2023-04-05
54,Meera Patel 54,Bengaluru,Karnataka,South,Consumer,2024-01-25
55,Priya Patel 55,Chennai,Tamil Nadu,South,Corporate,2023-04-10
56,Aditi Patel 56,Hyderabad,Telangana,South,Small Business,2024-01-03
57,Kavya Patel 57,Kochi,Kerala,South,Consumer,2025-05-17
58,Nisha Patel 58,Kolkata,West Bengal,East,Corporate,2023-12-19
59,Riya Patel 59,Bhubaneswar,Odisha,East,Small Business,2024-09-10
60,Sana Patel 60,Patna,Bihar,East,Consumer,2023-09-28
61,Aarav Khan 61,Mumbai,Maharashtra,West,Corporate,2025-04-06
62,Vivaan Khan 62,Pune,Maharashtra,West,Small Business,2023-02-14
63,Aditya Khan 63,Ahmedabad,Gujarat,West,Consumer,2025-01-17
64,Arjun Khan 64,Surat,Gujarat,West,Corporate,2024-04-15
65,Rohan Khan 65,Delhi,Delhi,North,Small Business,2024-07-03
66,Kabir Khan 66,Jaipur,Rajasthan,North,Consumer,2023-05-08
67,Rahul Khan 67,Lucknow,Uttar Pradesh,North,Corporate,2025-09-23
68,Karan Khan 68,Chandigarh,Chandigarh,North,Small Business,2025-08-02
69,Neeraj Khan 69,Bengaluru,Karnataka,South,Consumer,2024-01-23
70,Yash Khan 70,Chennai,Tamil Nadu,South,Corporate,2023-03-22
71,Ananya Khan 71,Hyderabad,Telangana,South,Small Business,2024-07-19
72,Diya Khan 72,Kochi,Kerala,South,Consumer,2023-10-28
73,Isha Khan 73,Kolkata,West Bengal,East,Corporate,2025-04-29
74,Meera Khan 74,Bhubaneswar,Odisha,East,Small Business,2024-10-05
75,Priya Khan 75,Patna,Bihar,East,Consumer,2024-09-25
76,Aditi Khan 76,Mumbai,Maharashtra,West,Corporate,2025-06-25
77,Kavya Khan 77,Pune,Maharashtra,West,Small Business,2025-06-01
78,Nisha Khan 78,Ahmedabad,Gujarat,West,Consumer,2024-01-06
79,Riya Khan 79,Surat,Gujarat,West,Corporate,2024-08-14
80,Sana Khan 80,Delhi,Delhi,North,Small Business,2023-07-16
81,Aarav Singh 81,Jaipur,Rajasthan,North,Consumer,2024-12-22
82,Vivaan Singh 82,Lucknow,Uttar Pradesh,North,Corporate,2023-03-13
83,Aditya Singh 83,Chandigarh,Chandigarh,North,Small Business,2023-02-16
84,Arjun Singh 84,Bengaluru,Karnataka,South,Consumer,2024-11-08
85,Rohan Singh 85,Chennai,Tamil Nadu,South,Corporate,2023-08-22
86,Kabir Singh 86,Hyderabad,Telangana,South,Small Business,2025-03-02
87,Rahul Singh 87,Kochi,Kerala,South,Consumer,2023-10-24
88,Karan Singh 88,Kolkata,West Bengal,East,Corporate,2023-03-23
89,Neeraj Singh 89,Bhubaneswar,Odisha,East,Small Business,2025-05-25
90,Yash Singh 90,Patna,Bihar,East,Consumer,2023-08-27
91,Ananya Singh 91,Mumbai,Maharashtra,West,Corporate,2025-06-06
92,Diya Singh 92,Pune,Maharashtra,West,Small Business,2023-04-14
93,Isha Singh 93,Ahmedabad,Gujarat,West,Consumer,2024-01-25
94,Meera Singh 94,Surat,Gujarat,West,Corporate,2023-10-12
95,Priya Singh 95,Delhi,Delhi,North,Small Business,2024-04-09
96,Aditi Singh 96,Jaipur,Rajasthan,North,Consumer,2024-10-12
97,Kavya Singh 97,Lucknow,Uttar Pradesh,North,Corporate,2025-05-04
98,Nisha Singh 98,Chandigarh,Chandigarh,North,Small Business,2024-01-09
99,Riya Singh 99,Bengaluru,Karnataka,South,Consumer,2023-06-16
100,Sana Singh 100,Chennai,Tamil Nadu,South,Corporate,2024-01-15
