order_detail_id,order_id,product_id,quantity,discount_pct,shipping_cost
1,1001,16,5,5.0,77.02
2,1001,30,2,0.0,86.75
3,1001,8,7,20.0,161.54
4,1002,11,6,0.0,195.52
5,1002,21,8,10.0,127.37
6,1003,32,7,10.0,125.16
7,1003,2,4,0.0,154.17
8,1003,6,1,0.0,84.71
9,1004,42,1,20.0,44.72
10,1004,44,3,0.0,187.33
11,1004,31,7,0.0,30.41
12,1004,19,1,10.0,149.22
13,1004,35,6,10.0,86.38
14,1005,33,2,0.0,244.27
15,1005,29,7,0.0,202.83
16,1005,36,6,10.0,235.96
17,1005,18,3,0.0,158.57
18,1006,33,8,10.0,125.11
19,1006,3,3,0.0,234.21
20,1006,9,6,0.0,110.38
21,1006,22,5,10.0,97.37
22,1007,35,1,0.0,96.19
23,1007,32,2,5.0,154.25
24,1007,37,1,10.0,129.16
25,1007,20,4,15.0,31.81
26,1007,31,8,0.0,140.57
27,1008,40,2,0.0,24.36
28,1008,25,6,5.0,54.83
29,1008,10,4,5.0,135.42
30,1008,16,8,20.0,215.13
31,1008,3,1,15.0,51.76
32,1008,37,4,10.0,94.76
33,1009,31,6,10.0,101.49
34,1009,34,5,10.0,131.36
35,1009,25,4,0.0,148.36
36,1009,21,4,0.0,197.37
37,1009,12,4,15.0,182.15
38,1009,30,6,5.0,100.22
39,1010,18,7,20.0,99.38
40,1010,19,3,0.0,29.68
41,1010,8,2,0.0,232.52
42,1010,37,5,15.0,130.19
43,1010,35,4,20.0,143.87
44,1010,25,5,0.0,45.12
45,1011,38,4,0.0,43.05
46,1011,16,6,15.0,128.65
47,1011,43,3,0.0,241.84
48,1011,4,3,5.0,170.17
49,1011,34,8,5.0,169.62
50,1011,15,5,0.0,85.65
51,1012,6,4,10.0,189.9
52,1013,12,7,20.0,60.43
53,1014,26,8,0.0,235.42
54,1015,3,2,0.0,85.45
55,1015,1,8,0.0,215.74
56,1015,20,8,0.0,64.35
57,1016,22,3,15.0,125.55
58,1017,12,5,10.0,175.11
59,1017,1,4,0.0,160.52
60,1017,22,7,20.0,118.37
61,1018,6,2,0.0,245.79
62,1018,26,8,0.0,235.24
63,1018,43,1,0.0,108.22
64,1019,18,1,0.0,170.35
65,1019,22,4,0.0,173.59
66,1019,20,8,0.0,56.73
67,1019,38,5,15.0,47.01
68,1020,24,4,0.0,129.98
69,1020,40,8,15.0,247.43
70,1020,15,6,5.0,181.45
71,1021,35,2,10.0,122.75
72,1021,43,6,0.0,230.97
73,1021,14,2,0.0,210.62
74,1021,16,4,10.0,143.43
75,1022,21,8,0.0,176.47
76,1022,34,8,0.0,226.74
77,1023,4,7,5.0,149.7
78,1023,30,8,15.0,205.59
79,1023,9,1,5.0,78.53
80,1023,33,1,15.0,70.12
81,1024,3,7,0.0,181.09
82,1025,4,7,0.0,196.86
83,1025,5,7,0.0,248.36
84,1025,31,7,5.0,220.01
85,1025,3,7,5.0,38.46
86,1025,19,3,15.0,217.87
87,1026,12,7,10.0,49.29
88,1027,1,5,5.0,174.9
89,1027,2,7,10.0,107.23
90,1028,16,6,0.0,83.4
91,1028,30,2,0.0,206.18
92,1029,40,2,0.0,156.61
93,1029,2,8,10.0,174.57
94,1029,16,1,0.0,190.32
95,1029,14,7,5.0,73.9
96,1030,4,5,0.0,207.63
97,1030,9,6,10.0,157.52
98,1031,21,7,0.0,83.29
99,1031,16,3,15.0,176.11
100,1031,20,8,0.0,243.63
101,1031,10,7,20.0,140.63
102,1031,34,7,5.0,54.32
103,1031,15,7,0.0,193.52
104,1032,16,8,0.0,149.35
105,1032,15,7,10.0,141.9
106,1032,20,7,0.0,78.65
107,1032,10,6,15.0,38.19
108,1033,24,1,0.0,106.75
109,1033,6,1,20.0,36.74
110,1033,35,4,5.0,68.04
111,1033,13,6,0.0,240.11
112,1034,14,4,15.0,46.98
113,1035,16,4,10.0,93.97
114,1035,39,5,5.0,127.24
115,1035,14,6,0.0,80.16
116,1035,26,8,5.0,42.68
117,1036,31,1,10.0,218.74
118,1036,21,3,0.0,79.98
119,1036,14,7,0.0,55.05
120,1036,24,6,0.0,107.36
121,1036,43,4,5.0,146.65
122,1036,27,6,0.0,195.57
123,1037,42,6,0.0,52.19
124,1037,32,8,0.0,230.89
125,1037,30,1,10.0,27.78
126,1037,11,2,20.0,173.69
127,1038,27,3,20.0,165.06
128,1039,10,1,0.0,136.32
129,1040,4,8,15.0,132.21
130,1040,40,1,10.0,146.88
131,1040,41,1,0.0,141.77
132,1041,35,7,20.0,236.13
133,1041,19,3,0.0,231.15
134,1041,2,3,0.0,64.14
135,1042,17,6,5.0,125.57
136,1042,23,4,15.0,71.95
137,1042,18,2,15.0,248.09
138,1042,26,1,0.0,113.21
139,1042,6,7,10.0,129.48
140,1043,1,2,10.0,231.41
141,1043,11,4,0.0,227.29
142,1043,6,8,0.0,30.71
143,1043,32,2,15.0,232.88
144,1043,28,1,0.0,233.62
145,1043,22,6,0.0,241.14
146,1044,10,4,10.0,211.97
147,1044,26,7,15.0,226.2
148,1044,5,6,5.0,193.79
149,1044,20,3,20.0,247.35
150,1044,11,2,10.0,191.46
151,1045,4,4,20.0,37.48
152,1045,7,7,20.0,95.07
153,1045,28,5,20.0,248.29
154,1046,15,7,0.0,176.33
155,1046,23,7,0.0,197.6
156,1046,36,5,20.0,76.68
157,1046,25,2,0.0,81.63
158,1047,41,6,0.0,41.05
159,1047,10,5,5.0,102.78
160,1047,25,5,0.0,50.48
161,1047,21,3,5.0,123.23
162,1048,33,6,10.0,41.4
163,1048,27,6,20.0,108.6
164,1048,7,5,5.0,109.19
165,1048,2,2,15.0,227.26
166,1048,6,4,10.0,139.85
167,1049,25,8,0.0,34.55
168,1049,11,7,0.0,116.85
169,1049,9,8,20.0,37.69
170,1049,18,5,0.0,185.81
171,1049,20,8,10.0,161.83
172,1049,41,8,0.0,51.16
173,1050,26,6,20.0,162.64
174,1051,29,3,0.0,93.75
175,1051,22,4,5.0,92.26
176,1051,28,7,0.0,87.03
177,1052,41,5,20.0,200.75
178,1052,32,6,0.0,234.38
179,1052,37,4,10.0,249.37
180,1052,16,3,15.0,196.55
181,1052,21,1,15.0,126.17
182,1052,25,4,5.0,203.47
183,1053,5,5,15.0,55.45
184,1053,27,7,20.0,106.71
185,1053,32,8,10.0,130.22
186,1053,9,7,10.0,136.52
187,1053,20,7,10.0,28.46
188,1053,16,6,15.0,225.97
189,1054,39,6,0.0,168.81
190,1054,41,1,10.0,246.23
191,1054,6,7,20.0,96.27
192,1054,7,7,0.0,22.43
193,1054,16,5,0.0,137.46
194,1055,36,6,5.0,126.5
195,1055,38,3,0.0,249.47
196,1055,37,8,0.0,87.95
197,1055,15,2,0.0,211.2
198,1055,29,3,0.0,91.73
199,1056,14,8,0.0,120.78
200,1056,34,8,0.0,35.45
201,1056,31,1,20.0,183.48
202,1056,23,1,20.0,98.91
203,1057,44,3,15.0,76.1
204,1058,36,6,10.0,118.06
205,1058,11,8,0.0,203.48
206,1059,12,4,5.0,156.21
207,1059,44,7,0.0,182.09
208,1059,41,4,0.0,193.03
209,1059,28,2,10.0,43.4
210,1059,26,3,0.0,94.98
211,1059,2,8,0.0,80.34
212,1060,34,7,10.0,110.29
213,1060,41,2,0.0,100.96
214,1060,21,8,10.0,59.68
215,1060,39,5,10.0,155.74
216,1061,9,3,0.0,179.49
217,1061,21,7,5.0,157.18
218,1061,8,7,5.0,62.72
219,1061,16,3,10.0,58.38
220,1061,20,5,0.0,63.03
221,1061,42,8,10.0,32.33
222,1062,1,4,20.0,108.31
223,1062,32,8,5.0,177.48
224,1062,9,7,15.0,213.18
225,1063,11,4,0.0,27.52
226,1063,6,4,10.0,86.39
227,1063,37,8,10.0,190.78
228,1063,2,8,10.0,137.49
229,1064,8,8,10.0,70.26
230,1064,18,7,0.0,189.28
231,1064,35,4,0.0,221.21
232,1064,24,1,5.0,80.45
233,1064,3,2,5.0,219.02
234,1065,16,4,20.0,189.65
235,1066,23,4,20.0,67.6
236,1066,40,1,10.0,100.69
237,1066,41,5,10.0,143.92
238,1066,28,6,15.0,87.31
239,1066,11,5,20.0,138.32
240,1066,9,2,0.0,241.44
241,1067,4,3,0.0,53.64
242,1067,18,6,20.0,76.94
243,1067,42,7,5.0,52.7
244,1067,9,5,15.0,115.27
245,1068,5,5,15.0,235.36
246,1068,41,6,5.0,238.56
247,1068,6,6,10.0,20.57
248,1068,26,2,15.0,243.59
249,1069,43,7,20.0,68.73
250,1069,23,5,0.0,210.52
251,1069,5,6,10.0,152.92
252,1069,35,8,20.0,99.06
253,1069,26,1,0.0,42.9
254,1069,14,8,0.0,48.57
255,1070,29,1,5.0,66.53
256,1070,30,3,15.0,89.43
257,1071,6,5,0.0,105.52
258,1071,42,3,0.0,111.16
259,1071,24,5,15.0,180.87
260,1072,28,2,15.0,41.89
261,1072,42,4,5.0,37.93
262,1073,15,1,15.0,99.02
263,1073,34,2,20.0,117.13
264,1073,44,3,5.0,36.29
265,1073,29,7,0.0,188.08
266,1073,1,2,0.0,92.07
267,1074,9,3,0.0,142.02
268,1074,25,1,10.0,169.5
269,1074,42,8,0.0,186.16
270,1075,10,2,0.0,193.06
271,1075,27,7,0.0,241.55
272,1075,40,6,20.0,52.16
273,1075,29,5,15.0,39.38
274,1075,14,5,20.0,236.49
275,1075,6,1,20.0,214.83
276,1076,14,4,15.0,110.1
277,1076,34,1,20.0,226.52
278,1076,39,4,5.0,108.75
279,1077,32,2,10.0,224.41
280,1077,41,1,0.0,234.8
281,1078,25,7,0.0,145.66
282,1078,37,3,20.0,128.33
283,1079,2,2,0.0,80.3
284,1080,4,7,10.0,85.89
285,1081,33,3,0.0,39.23
286,1081,27,2,10.0,231.81
287,1081,28,3,10.0,95.15
288,1081,26,2,0.0,180.7
289,1081,6,4,0.0,76.23
290,1081,35,7,0.0,124.28
291,1082,4,1,15.0,51.56
292,1082,20,1,0.0,134.17
293,1082,43,6,10.0,138.96
294,1082,12,5,0.0,105.53
295,1082,8,5,15.0,223.88
296,1083,22,7,0.0,140.49
297,1084,37,8,5.0,137.48
298,1084,41,1,5.0,217.65
299,1084,5,3,0.0,56.18
300,1085,37,2,0.0,190.38
301,1086,3,1,0.0,30.58
302,1087,25,1,10.0,204.72
303,1087,10,7,0.0,94.01
304,1087,12,7,15.0,93.59
305,1088,37,6,0.0,135.47
306,1089,12,4,20.0,138.63
307,1090,26,2,5.0,219.19
308,1091,21,8,0.0,104.85
309,1091,6,5,10.0,200.44
310,1091,36,4,5.0,104.7
311,1092,13,1,5.0,25.5
312,1092,35,6,15.0,213.1
313,1092,16,1,0.0,20.34
314,1092,10,7,20.0,189.76
315,1093,7,4,5.0,133.17
316,1093,14,1,0.0,183.68
317,1093,34,2,0.0,231.89
318,1094,27,2,10.0,50.71
319,1094,24,7,0.0,156.14
320,1094,30,1,5.0,172.36
321,1094,6,3,0.0,87.09
322,1094,38,6,20.0,110.38
323,1095,21,4,0.0,199.39
324,1095,44,2,0.0,44.3
325,1095,29,8,5.0,92.23
326,1095,18,2,10.0,102.41
327,1095,15,4,5.0,90.91
328,1095,5,5,20.0,47.58
329,1096,44,1,0.0,212.26
330,1096,20,6,0.0,40.98
331,1097,23,1,15.0,88.73
332,1097,26,3,0.0,238.98
333,1098,36,2,20.0,202.58
334,1098,16,2,0.0,34.18
335,1098,7,4,0.0,65.57
336,1098,30,7,0.0,177.85
337,1099,6,2,0.0,227.57
338,1099,38,8,20.0,49.62
339,1099,43,6,0.0,29.82
340,1099,17,8,0.0,58.64
341,1099,5,7,20.0,186.62
342,1099,2,8,0.0,108.03
343,1100,12,5,5.0,223.19
344,1100,23,1,10.0,162.41
345,1100,14,4,15.0,87.87
346,1100,18,7,10.0,130.18
347,1101,18,7,0.0,116.42
348,1102,34,6,5.0,145.24
349,1102,16,8,0.0,229.92
350,1102,41,6,5.0,82.2
351,1102,35,1,0.0,157.34
352,1102,2,1,20.0,199.06
353,1102,25,1,20.0,248.05
354,1103,23,4,15.0,75.47
355,1103,38,1,20.0,249.17
356,1103,15,4,10.0,214.7
357,1103,11,7,0.0,235.1
358,1103,7,3,0.0,74.41
359,1104,23,6,10.0,149.63
360,1104,38,4,20.0,247.24
361,1104,2,8,10.0,91.08
362,1105,3,4,0.0,141.08
363,1105,6,1,0.0,231.12
364,1105,4,4,20.0,50.01
365,1105,15,3,20.0,214.19
366,1106,4,3,20.0,45.51
367,1106,2,6,0.0,105.93
368,1106,10,7,10.0,43.24
369,1107,21,7,20.0,167.03
370,1107,9,8,15.0,92.98
371,1107,11,6,0.0,173.07
372,1108,25,5,0.0,60.87
373,1108,20,1,15.0,238.2
374,1109,37,6,20.0,242.53
375,1109,3,4,15.0,150.08
376,1109,12,8,0.0,96.17
377,1109,39,2,0.0,99.77
378,1110,11,6,5.0,22.62
379,1110,41,4,0.0,179.43
380,1110,6,6,0.0,201.01
381,1111,1,7,5.0,222.81
382,1111,4,6,10.0,106.33
383,1111,25,8,20.0,218.73
384,1111,29,4,0.0,123.8
385,1111,27,1,0.0,24.62
386,1111,11,5,0.0,37.07
387,1112,25,2,10.0,236.62
388,1112,11,2,0.0,156.63
389,1113,31,7,0.0,32.32
390,1113,2,6,0.0,244.11
391,1113,28,7,15.0,147.45
392,1113,42,5,15.0,84.75
393,1113,11,4,0.0,31.42
394,1114,36,1,5.0,40.15
395,1114,32,8,0.0,42.31
396,1114,10,4,0.0,166.78
397,1114,4,2,5.0,214.07
398,1114,24,5,20.0,111.42
399,1115,43,7,0.0,105.33
400,1115,17,7,0.0,62.91
401,1115,6,1,0.0,121.14
402,1115,42,5,0.0,212.53
403,1116,4,6,20.0,144.53
404,1116,10,4,10.0,34.03
405,1116,43,7,20.0,140.19
406,1116,7,8,10.0,222.78
407,1116,6,8,0.0,38.16
408,1117,3,2,20.0,123.28
409,1117,33,3,0.0,205.95
410,1117,37,3,0.0,117.38
411,1117,34,7,0.0,249.37
412,1117,42,3,20.0,156.86
413,1117,10,6,15.0,230.26
414,1118,6,7,10.0,111.39
415,1119,18,1,20.0,181.09
416,1119,34,7,0.0,115.32
417,1119,30,3,10.0,155.22
418,1120,7,2,20.0,85.8
419,1121,23,8,10.0,160.06
420,1121,27,1,0.0,83.35
421,1121,17,3,10.0,159.99
422,1121,25,7,0.0,111.03
423,1121,42,6,15.0,74.64
424,1122,31,5,0.0,213.85
425,1122,18,2,20.0,72.43
426,1122,24,5,15.0,121.92
427,1122,2,6,0.0,187.62
428,1122,22,2,0.0,121.59
429,1122,20,7,15.0,131.43
430,1123,24,5,15.0,136.56
431,1123,4,3,20.0,215.8
432,1123,33,1,0.0,64.34
433,1123,11,4,20.0,33.25
434,1123,5,1,5.0,31.63
435,1124,13,8,10.0,111.3
436,1124,18,2,15.0,27.03
437,1124,24,6,5.0,156.63
438,1125,31,6,0.0,57.61
439,1125,38,5,15.0,211.1
440,1126,19,1,5.0,31.42
441,1127,14,7,10.0,24.61
442,1127,15,1,5.0,229.65
443,1127,42,3,10.0,204.2
444,1127,44,4,0.0,159.92
445,1127,18,5,15.0,242.42
446,1128,18,4,5.0,89.49
447,1128,28,7,10.0,43.53
448,1128,25,6,10.0,168.89
449,1128,23,5,0.0,177.42
450,1128,30,8,0.0,97.35
451,1128,17,5,15.0,94.78
452,1129,17,4,0.0,138.98
453,1129,42,4,0.0,205.25
454,1129,20,7,15.0,93.5
455,1130,2,8,0.0,79.67
456,1130,42,7,5.0,109.3
457,1131,38,4,0.0,187.11
458,1132,44,8,15.0,102.45
459,1132,35,5,20.0,59.1
460,1133,36,5,15.0,205.92
461,1133,12,3,15.0,226.91
462,1133,19,2,0.0,101.72
463,1133,7,5,5.0,201.26
464,1133,31,6,0.0,79.93
465,1133,9,5,5.0,215.78
466,1134,4,2,5.0,224.57
467,1134,41,2,20.0,176.56
468,1134,38,5,5.0,32.43
469,1134,40,3,0.0,248.24
470,1135,27,3,0.0,218.35
471,1135,37,3,20.0,38.59
472,1135,30,6,15.0,246.93
473,1136,41,8,0.0,68.16
474,1136,4,3,10.0,195.83
475,1136,1,8,20.0,195.62
476,1137,9,7,15.0,118.76
477,1138,31,4,15.0,105.81
478,1138,25,1,0.0,194.07
479,1138,1,4,0.0,175.65
480,1138,3,4,0.0,179.51
481,1139,20,7,10.0,155.39
482,1139,9,3,0.0,209.48
483,1139,7,5,0.0,124.86
484,1140,39,3,0.0,249.11
485,1140,34,8,0.0,192.53
486,1140,22,3,20.0,112.78
487,1140,28,4,0.0,187.25
488,1140,44,3,0.0,188.84
489,1141,33,1,5.0,221.61
490,1141,11,5,20.0,142.99
491,1141,8,1,10.0,248.78
492,1141,24,2,15.0,212.31
493,1141,42,1,15.0,46.63
494,1142,25,8,15.0,55.22
495,1142,8,1,0.0,116.8
496,1142,36,2,15.0,139.67
497,1142,17,3,5.0,211.05
498,1143,33,2,0.0,46.22
499,1144,32,4,10.0,65.94
500,1145,34,7,0.0,56.89
501,1145,13,8,0.0,178.29
502,1145,23,8,0.0,73.94
503,1146,43,2,0.0,212.1
504,1147,32,5,15.0,73.17
505,1147,10,5,0.0,126.78
506,1147,6,2,20.0,60.18
507,1147,33,1,20.0,86.83
508,1147,5,6,5.0,189.86
509,1147,7,2,20.0,194.39
510,1148,1,3,15.0,168.86
511,1149,23,5,15.0,41.38
512,1149,29,6,0.0,46.18
513,1149,40,7,5.0,82.52
514,1150,31,2,0.0,180.12
515,1150,27,1,20.0,56.66
516,1150,42,7,10.0,131.02
517,1150,11,8,0.0,160.6
518,1151,40,3,5.0,231.69
519,1151,2,2,5.0,121.36
520,1151,44,2,0.0,170.64
521,1152,44,4,15.0,220.82
522,1153,34,4,5.0,99.52
523,1153,40,7,0.0,212.98
524,1153,7,1,0.0,167.98
525,1153,28,3,10.0,215.23
526,1153,43,8,20.0,58.04
527,1154,21,1,10.0,71.22
528,1154,16,7,5.0,207.93
529,1154,22,2,5.0,122.16
530,1154,18,8,0.0,217.02
531,1155,21,1,0.0,112.79
532,1155,8,1,10.0,146.29
533,1155,32,2,20.0,158.97
534,1155,42,5,10.0,149.34
535,1156,43,8,0.0,148.83
536,1156,30,8,15.0,171.15
537,1156,22,8,0.0,42.41
538,1156,24,4,0.0,98.51
539,1156,4,5,10.0,140.06
540,1156,15,2,0.0,226.28
541,1157,9,4,0.0,47.77
542,1157,27,7,0.0,125.12
543,1157,7,4,15.0,97.72
544,1157,17,7,0.0,233.12
545,1158,38,3,5.0,21.0
546,1158,8,1,10.0,235.12
547,1158,29,8,10.0,199.65
548,1158,30,3,15.0,153.07
549,1158,44,3,0.0,109.1
550,1158,33,6,10.0,222.72
551,1159,39,6,0.0,124.15
552,1159,16,3,0.0,114.93
553,1159,18,5,20.0,181.34
554,1159,26,6,15.0,189.47
555,1160,41,6,15.0,50.51
556,1160,14,3,10.0,144.77
557,1160,13,6,15.0,46.54
558,1160,40,6,10.0,130.49
559,1160,19,7,15.0,192.01
560,1161,19,1,5.0,53.43
561,1161,28,1,0.0,81.41
562,1161,1,3,0.0,177.18
563,1161,34,3,20.0,34.27
564,1161,7,5,0.0,193.33
565,1162,23,8,0.0,161.71
566,1163,36,5,15.0,172.83
567,1163,15,7,5.0,115.81
568,1163,42,6,10.0,32.37
569,1163,44,5,0.0,162.73
570,1163,25,8,20.0,71.88
571,1163,16,6,20.0,155.33
572,1164,39,2,0.0,241.37
573,1164,13,2,5.0,29.35
574,1164,43,5,10.0,80.78
575,1164,19,3,10.0,214.58
576,1164,29,1,0.0,127.26
577,1164,12,3,0.0,55.35
578,1165,39,5,5.0,201.68
579,1165,4,6,0.0,200.33
580,1165,41,6,10.0,70.59
581,1166,34,3,5.0,144.91
582,1166,5,7,0.0,100.36
583,1167,43,6,0.0,87.52
584,1167,22,8,10.0,209.45
585,1168,1,1,15.0,223.7
586,1168,8,7,20.0,237.35
587,1168,23,7,0.0,144.25
588,1168,29,5,0.0,229.61
589,1168,16,6,10.0,204.65
590,1168,40,8,5.0,30.09
591,1169,13,1,15.0,35.06
592,1169,21,4,20.0,177.64
593,1169,33,2,0.0,143.68
594,1169,6,7,15.0,207.85
595,1169,7,2,15.0,177.79
596,1169,11,1,5.0,184.88
597,1170,6,2,0.0,60.94
598,1171,36,4,0.0,113.76
599,1171,5,8,15.0,113.02
600,1171,37,6,0.0,109.59
601,1172,35,1,15.0,185.67
602,1173,38,1,15.0,215.1
603,1174,33,5,10.0,39.9
604,1174,7,8,5.0,110.88
605,1174,19,1,5.0,55.95
606,1175,9,5,15.0,53.14
607,1175,26,6,0.0,147.31
608,1176,10,7,10.0,145.93
609,1176,8,2,0.0,68.31
610,1176,3,6,0.0,114.91
611,1176,1,3,0.0,62.32
612,1176,37,5,0.0,46.36
613,1177,37,5,15.0,35.49
614,1177,4,2,0.0,186.89
615,1177,36,8,0.0,102.14
616,1177,30,4,0.0,85.58
617,1177,42,2,0.0,93.09
618,1177,5,8,0.0,161.76
619,1178,38,6,20.0,92.76
620,1178,10,7,0.0,21.11
621,1178,37,4,20.0,70.95
622,1179,42,8,5.0,122.43
623,1179,28,5,5.0,146.88
624,1179,18,3,15.0,159.52
625,1179,24,5,20.0,210.08
626,1179,9,4,0.0,188.72
627,1179,22,2,15.0,37.34
628,1180,33,1,20.0,153.83
629,1181,38,5,10.0,225.62
630,1181,14,8,15.0,198.3
631,1181,3,6,5.0,71.36
632,1181,36,5,0.0,126.88
633,1182,6,4,20.0,241.72
634,1182,26,3,20.0,138.25
635,1182,24,8,0.0,61.2
636,1182,33,3,15.0,188.36
637,1182,1,6,0.0,70.33
638,1183,15,4,0.0,173.77
639,1183,5,6,5.0,128.03
640,1183,17,8,0.0,29.18
641,1183,24,6,0.0,181.86
642,1184,41,3,5.0,170.35
643,1184,18,6,10.0,170.27
644,1184,17,2,10.0,77.86
645,1184,38,4,10.0,113.34
646,1184,35,6,5.0,202.31
647,1185,1,4,0.0,138.34
648,1185,33,5,0.0,54.56
649,1185,9,3,0.0,158.46
650,1185,29,2,15.0,72.98
651,1185,11,6,15.0,46.07
652,1186,31,1,0.0,29.92
653,1186,44,3,0.0,164.79
654,1186,14,1,10.0,53.78
655,1186,38,3,0.0,232.16
656,1186,11,7,10.0,242.93
657,1186,27,1,15.0,187.43
658,1187,6,8,20.0,130.78
659,1187,14,4,20.0,114.48
660,1187,29,3,20.0,154.01
661,1188,40,5,0.0,186.56
662,1188,43,6,5.0,157.2
663,1189,15,7,5.0,50.41
664,1190,13,7,20.0,54.4
665,1191,12,8,10.0,157.96
666,1192,33,3,10.0,144.04
667,1192,8,1,20.0,176.07
668,1192,6,7,10.0,116.76
669,1192,31,1,15.0,141.86
670,1192,43,4,20.0,130.89
671,1193,23,7,0.0,78.54
672,1193,38,4,20.0,39.28
673,1193,37,7,0.0,63.47
674,1193,7,1,10.0,140.18
675,1194,1,7,0.0,44.51
676,1194,25,7,15.0,154.64
677,1194,42,5,20.0,143.3
678,1194,14,6,10.0,83.38
679,1194,21,7,20.0,66.85
680,1195,36,5,10.0,99.2
681,1195,31,7,15.0,51.76
682,1195,12,2,15.0,72.85
683,1195,24,3,0.0,69.33
684,1195,17,7,20.0,97.84
685,1196,40,1,20.0,40.95
686,1196,44,3,5.0,232.95
687,1196,4,7,0.0,34.74
688,1196,11,4,0.0,38.41
689,1196,25,1,15.0,108.39
690,1197,40,1,20.0,208.65
691,1197,42,8,5.0,22.46
692,1197,34,5,0.0,27.73
693,1197,19,4,10.0,58.98
694,1198,24,4,15.0,20.07
695,1199,6,7,0.0,174.02
696,1199,18,7,10.0,66.07
697,1200,5,2,10.0,85.43
698,1201,38,4,5.0,233.83
699,1201,23,1,0.0,60.26
700,1201,18,2,10.0,36.65
701,1201,15,5,0.0,237.81
702,1201,39,5,10.0,207.02
703,1202,17,4,20.0,98.12
704,1202,29,8,15.0,125.97
705,1202,25,1,5.0,46.74
706,1202,37,2,5.0,165.74
707,1202,31,4,15.0,181.27
708,1203,27,1,15.0,211.4
709,1203,23,4,0.0,41.39
710,1203,34,6,0.0,147.55
711,1204,31,6,0.0,225.69
712,1204,21,5,0.0,237.84
713,1205,13,4,0.0,66.64
714,1205,32,4,20.0,162.28
715,1205,44,3,20.0,44.54
716,1205,16,2,15.0,239.83
717,1205,41,8,10.0,21.52
718,1205,17,1,20.0,130.93
719,1206,21,5,5.0,71.08
720,1206,32,3,0.0,140.92
721,1206,37,7,5.0,236.12
722,1206,18,1,10.0,99.88
723,1206,12,3,5.0,244.6
724,1207,34,7,10.0,43.17
725,1207,30,6,10.0,218.22
726,1207,21,3,10.0,80.46
727,1207,1,5,5.0,240.46
728,1207,41,6,0.0,62.3
729,1207,14,7,0.0,116.39
730,1208,24,8,0.0,151.42
731,1208,26,4,20.0,42.97
732,1208,18,5,20.0,74.24
733,1209,25,1,0.0,116.95
734,1209,13,3,20.0,165.05
735,1209,10,6,20.0,131.92
736,1209,31,5,10.0,217.46
737,1210,26,2,15.0,57.57
738,1211,17,2,5.0,191.26
739,1211,31,5,0.0,102.87
740,1212,17,6,20.0,176.3
741,1212,23,4,10.0,152.46
742,1212,2,3,20.0,85.46
743,1212,27,6,15.0,137.4
744,1212,8,8,0.0,107.65
745,1213,30,3,15.0,205.77
746,1213,41,6,5.0,165.19
747,1213,10,7,20.0,228.63
748,1214,11,6,0.0,92.1
749,1215,19,6,15.0,154.99
750,1215,18,8,5.0,58.48
751,1215,39,1,0.0,187.39
752,1215,26,5,15.0,181.16
753,1215,43,2,0.0,58.39
754,1215,29,2,0.0,34.67
755,1216,36,2,0.0,80.36
756,1216,4,3,0.0,170.61
757,1216,2,7,0.0,72.75
758,1216,26,5,5.0,164.09
759,1217,34,1,0.0,172.62
760,1217,11,6,20.0,129.52
761,1218,18,3,10.0,157.44
762,1218,36,7,10.0,167.15
763,1218,29,5,0.0,130.78
764,1218,9,4,20.0,40.6
765,1218,35,5,0.0,114.81
766,1219,20,1,10.0,207.54
767,1219,1,3,0.0,85.96
768,1220,1,5,10.0,73.18
769,1220,32,1,10.0,105.94
770,1220,31,7,10.0,120.53
771,1220,20,4,0.0,184.44
772,1220,28,7,20.0,107.02
773,1221,6,4,10.0,195.84
774,1221,28,5,0.0,169.15
775,1221,41,5,5.0,63.24
776,1222,12,3,0.0,45.38
777,1223,40,4,0.0,24.46
778,1223,29,1,10.0,25.09
779,1223,18,2,0.0,81.91
780,1223,32,8,15.0,21.89
781,1224,10,1,5.0,69.95
782,1225,20,1,0.0,38.45
783,1225,32,3,0.0,81.3
784,1225,24,7,0.0,144.93
785,1225,30,3,0.0,226.01
786,1226,25,4,5.0,197.38
787,1226,1,8,0.0,189.65
788,1226,8,1,0.0,125.99
789,1227,34,4,5.0,109.5
790,1228,21,1,15.0,235.61
791,1228,11,2,0.0,130.68
792,1228,41,5,0.0,102.9
793,1229,43,4,0.0,74.27
794,1230,21,2,5.0,201.5
795,1230,1,1,0.0,153.65
796,1230,11,8,15.0,157.13
797,1230,18,6,20.0,40.58
798,1231,32,6,20.0,163.78
799,1231,6,1,0.0,168.25
800,1232,35,6,20.0,225.11
801,1232,7,4,0.0,178.53
802,1232,9,6,15.0,50.99
803,1232,32,1,5.0,182.52
804,1232,15,5,10.0,180.32
805,1232,21,4,10.0,62.92
806,1233,21,3,0.0,142.16
807,1233,30,8,0.0,208.47
808,1233,18,6,5.0,20.17
809,1234,33,4,0.0,185.83
810,1234,25,7,0.0,140.54
811,1234,12,8,20.0,146.84
812,1234,2,5,0.0,114.26
813,1234,40,6,0.0,42.14
814,1234,24,2,0.0,212.09
815,1235,12,4,0.0,131.64
816,1235,3,2,0.0,151.33
817,1236,43,5,0.0,104.26
818,1236,32,2,0.0,233.95
819,1236,34,4,15.0,133.02
820,1236,40,2,5.0,204.23
821,1237,24,7,20.0,104.89
822,1238,4,5,0.0,237.26
823,1238,40,2,0.0,186.79
824,1238,18,7,0.0,64.42
825,1238,34,4,10.0,163.82
826,1238,3,3,10.0,192.31
827,1238,5,7,15.0,44.27
828,1239,37,3,10.0,112.36
829,1239,23,6,15.0,56.38
830,1239,30,8,0.0,227.57
831,1239,28,6,20.0,105.5
832,1239,7,7,20.0,186.95
833,1239,11,4,10.0,145.49
834,1240,36,8,5.0,20.04
835,1240,17,1,0.0,157.03
836,1240,24,3,0.0,21.51
837,1240,29,4,0.0,216.82
838,1241,18,3,0.0,28.68
839,1242,10,6,10.0,77.47
840,1242,9,5,20.0,89.07
841,1242,17,7,10.0,231.11
842,1243,5,2,10.0,167.72
843,1243,21,1,15.0,205.92
844,1243,31,7,0.0,199.43
845,1243,12,6,0.0,222.35
846,1243,32,7,5.0,233.96
847,1243,37,2,20.0,197.19
848,1244,42,5,10.0,29.47
849,1244,39,3,0.0,135.55
850,1244,1,4,0.0,31.62
851,1244,41,7,5.0,193.15
852,1244,25,2,0.0,119.35
853,1244,4,7,0.0,50.4
854,1245,31,1,10.0,111.81
855,1246,26,7,20.0,180.51
856,1247,31,4,5.0,110.92
857,1247,36,4,10.0,161.68
858,1248,34,6,15.0,232.55
859,1248,16,2,0.0,174.5
860,1248,43,7,0.0,100.11
861,1248,5,6,0.0,156.59
862,1248,18,1,20.0,90.11
863,1248,28,6,10.0,208.96
864,1249,40,4,0.0,177.63
865,1249,10,3,20.0,187.55
866,1249,29,2,0.0,190.1
867,1249,3,4,10.0,233.15
868,1250,1,5,5.0,128.37
869,1250,22,6,0.0,190.2
870,1250,8,4,0.0,145.68
871,1251,36,3,15.0,180.71
872,1251,31,1,5.0,154.09
873,1251,40,1,0.0,59.17
874,1252,13,1,5.0,170.59
875,1252,40,1,0.0,109.39
876,1252,18,5,15.0,215.98
877,1253,24,7,10.0,244.62
878,1253,7,2,0.0,131.47
879,1253,2,2,0.0,65.74
880,1253,19,8,10.0,233.06
881,1253,25,1,0.0,76.9
882,1253,15,5,0.0,132.68
883,1254,11,4,10.0,83.45
884,1254,2,1,15.0,79.27
885,1254,23,7,20.0,247.78
886,1254,42,5,0.0,54.89
887,1254,41,7,15.0,51.57
888,1254,20,7,10.0,240.94
889,1255,41,3,5.0,243.22
890,1255,44,6,5.0,144.71
891,1255,15,4,15.0,51.87
892,1255,27,4,20.0,51.77
893,1255,16,3,5.0,249.01
894,1256,42,3,0.0,35.6
895,1256,37,2,0.0,93.05
896,1257,2,7,5.0,89.77
897,1257,21,5,0.0,199.19
898,1258,9,3,0.0,195.36
899,1259,40,4,0.0,178.1
900,1259,18,6,0.0,178.27
901,1259,39,8,0.0,135.53
902,1259,37,8,15.0,169.4
903,1259,15,3,20.0,109.12
904,1260,9,1,5.0,195.84
905,1260,11,1,0.0,238.55
906,1260,13,4,15.0,174.41
907,1260,15,4,20.0,67.05
908,1261,29,8,15.0,94.73
909,1261,40,8,0.0,118.34
910,1262,39,7,15.0,91.97
911,1263,37,1,10.0,45.14
912,1263,39,8,20.0,221.89
913,1263,35,4,10.0,143.71
914,1263,34,1,10.0,109.1
915,1263,42,1,0.0,86.97
916,1264,20,7,0.0,161.02
917,1264,19,1,15.0,138.9
918,1264,30,3,5.0,210.88
919,1264,11,8,0.0,186.21
920,1265,12,3,5.0,115.12
921,1266,2,4,5.0,40.74
922,1266,12,6,15.0,169.17
923,1266,30,3,15.0,188.65
924,1266,38,2,0.0,182.43
925,1267,24,7,10.0,107.54
926,1267,6,3,0.0,150.06
927,1267,34,3,0.0,219.83
928,1267,25,3,20.0,183.77
929,1267,33,7,0.0,91.19
930,1267,11,8,0.0,164.08
931,1268,9,4,0.0,163.19
932,1269,1,8,10.0,205.71
933,1269,30,8,0.0,69.88
934,1269,32,8,5.0,114.33
935,1270,39,1,0.0,222.9
936,1271,40,4,0.0,62.51
937,1271,41,1,15.0,100.27
938,1271,36,3,20.0,27.46
939,1272,39,2,5.0,248.56
940,1272,20,3,15.0,85.41
941,1272,22,3,5.0,192.35
942,1272,6,6,0.0,41.42
943,1272,4,5,0.0,104.77
944,1273,5,8,0.0,48.07
945,1273,28,5,0.0,141.22
946,1273,36,4,15.0,68.08
947,1273,19,1,0.0,151.41
948,1274,34,6,0.0,140.84
949,1274,6,6,0.0,161.29
950,1274,31,8,10.0,187.71
951,1274,39,8,5.0,205.84
952,1274,19,4,15.0,86.81
953,1274,28,4,0.0,47.19
954,1275,41,7,5.0,30.46
955,1275,8,6,10.0,205.39
956,1275,14,4,0.0,167.34
957,1275,40,5,0.0,201.74
958,1276,20,6,20.0,21.41
959,1276,33,6,0.0,111.09
960,1276,36,1,20.0,60.39
961,1277,22,8,20.0,28.18
962,1277,44,3,5.0,55.74
963,1277,31,8,20.0,143.5
964,1278,30,5,10.0,186.74
965,1278,27,6,10.0,143.25
966,1278,4,4,10.0,177.66
967,1279,5,1,0.0,246.23
968,1279,10,3,10.0,159.31
969,1279,18,3,10.0,46.87
970,1280,21,7,0.0,134.32
971,1280,3,4,0.0,123.94
972,1280,18,5,0.0,140.77
973,1281,8,1,20.0,66.48
974,1281,24,2,5.0,136.38
975,1282,33,8,15.0,220.99
976,1282,10,5,20.0,95.29
977,1282,13,2,20.0,245.92
978,1282,22,3,0.0,186.65
979,1283,25,5,0.0,178.02
980,1283,34,2,0.0,127.38
981,1283,8,1,0.0,139.73
982,1283,1,5,0.0,152.84
983,1284,41,4,0.0,85.91
984,1284,14,6,20.0,121.46
985,1284,21,2,0.0,54.34
986,1285,8,2,0.0,144.78
987,1285,1,6,0.0,52.56
988,1285,40,5,10.0,76.31
989,1286,20,6,10.0,122.04
990,1287,2,1,0.0,108.23
991,1287,31,2,5.0,110.14
992,1288,39,5,0.0,208.01
993,1288,38,2,20.0,195.82
994,1288,41,3,0.0,206.96
995,1288,29,8,0.0,124.78
996,1288,40,8,5.0,73.29
997,1288,23,4,0.0,218.05
998,1289,17,6,20.0,217.98
999,1289,24,6,5.0,132.13
1000,1289,26,2,5.0,45.96
1001,1289,12,8,5.0,214.53
1002,1289,43,5,20.0,100.18
1003,1290,9,2,20.0,89.49
1004,1290,33,8,5.0,155.82
1005,1290,7,4,10.0,76.05
1006,1290,26,3,5.0,108.28
1007,1290,21,6,0.0,207.2
1008,1291,28,3,15.0,174.01
1009,1291,37,8,0.0,156.2
1010,1291,22,8,0.0,147.67
1011,1291,35,8,0.0,90.85
1012,1291,16,7,0.0,157.6
1013,1292,39,4,20.0,51.95
1014,1292,25,1,20.0,53.75
1015,1292,21,3,5.0,142.19
1016,1292,32,7,10.0,152.92
1017,1292,4,4,0.0,176.75
1018,1292,6,6,0.0,151.16
1019,1293,20,7,20.0,49.34
1020,1293,28,5,0.0,104.92
1021,1293,23,1,0.0,181.77
1022,1293,6,6,0.0,218.09
1023,1293,38,1,0.0,119.29
1024,1293,1,7,15.0,93.17
1025,1294,26,4,15.0,59.88
1026,1294,25,3,0.0,147.75
1027,1294,28,6,20.0,115.96
1028,1294,35,5,20.0,174.12
1029,1295,1,1,0.0,185.91
1030,1295,5,8,15.0,120.45
1031,1296,6,7,20.0,124.89
1032,1296,9,7,10.0,61.35
1033,1297,28,4,0.0,117.7
1034,1297,36,1,10.0,134.58
1035,1297,29,4,15.0,135.4
1036,1297,25,7,10.0,152.56
1037,1297,23,1,0.0,150.67
1038,1298,24,5,5.0,138.9
1039,1298,8,2,0.0,128.66
1040,1298,38,2,15.0,165.75
1041,1298,31,5,10.0,32.14
1042,1298,6,6,10.0,199.06
1043,1298,10,8,5.0,137.91
1044,1299,37,5,0.0,58.53
1045,1299,22,5,15.0,200.55
1046,1299,27,5,0.0,164.74
1047,1299,23,3,10.0,31.87
1048,1300,40,8,0.0,49.17
1049,1300,2,2,20.0,200.27
1050,1300,19,5,0.0,161.63
1051,1301,17,3,10.0,189.96
1052,1301,1,8,0.0,205.8
1053,1301,8,5,20.0,181.18
1054,1302,12,2,0.0,156.98
1055,1302,34,3,20.0,134.07
1056,1302,3,7,20.0,108.13
1057,1302,22,8,15.0,166.64
1058,1303,37,1,15.0,80.81
1059,1303,23,2,0.0,58.55
1060,1304,31,7,15.0,182.29
1061,1304,20,8,0.0,53.38
1062,1304,35,7,0.0,86.42
1063,1304,15,8,5.0,176.05
1064,1305,44,6,20.0,119.31
1065,1305,3,5,0.0,82.18
1066,1305,7,2,0.0,170.5
1067,1305,35,7,5.0,197.82
1068,1305,41,4,15.0,174.53
1069,1306,34,3,0.0,145.95
1070,1306,22,1,20.0,35.63
1071,1307,7,6,0.0,186.81
1072,1307,34,5,0.0,27.83
1073,1307,44,2,0.0,235.86
1074,1307,29,4,10.0,166.76
1075,1308,8,3,0.0,180.0
1076,1308,6,5,0.0,127.4
1077,1308,39,2,15.0,124.29
1078,1308,9,5,20.0,118.21
1079,1308,25,6,0.0,57.25
1080,1308,37,2,0.0,198.73
1081,1309,25,5,0.0,121.33
1082,1309,22,8,0.0,160.37
1083,1309,4,3,15.0,133.17
1084,1309,17,3,10.0,196.8
1085,1310,40,2,5.0,184.54
1086,1310,42,2,0.0,36.77
1087,1311,17,1,0.0,172.86
1088,1311,29,5,0.0,181.01
1089,1311,2,7,10.0,20.85
1090,1311,32,8,5.0,120.29
1091,1311,10,2,10.0,71.94
1092,1312,31,6,0.0,176.82
1093,1312,8,7,0.0,165.42
1094,1312,37,2,0.0,142.96
1095,1312,35,6,0.0,213.47
1096,1313,42,1,5.0,171.97
1097,1313,13,5,15.0,109.72
1098,1313,12,2,15.0,178.43
1099,1314,6,3,0.0,64.41
1100,1314,41,4,5.0,109.42
1101,1314,29,5,5.0,142.81
1102,1314,13,8,0.0,28.52
1103,1315,22,1,5.0,47.18
1104,1316,43,4,0.0,28.48
1105,1316,34,3,5.0,170.38
1106,1316,30,8,10.0,30.53
1107,1316,35,3,0.0,59.62
1108,1316,10,1,0.0,208.77
1109,1316,38,2,5.0,160.58
1110,1317,5,4,0.0,205.02
1111,1317,7,7,0.0,206.65
1112,1317,8,7,0.0,47.78
1113,1317,32,3,0.0,212.38
1114,1317,39,4,20.0,30.48
1115,1318,22,2,0.0,52.48
1116,1318,5,7,0.0,180.15
1117,1319,11,3,0.0,201.94
1118,1319,29,7,20.0,56.28
1119,1319,16,8,0.0,21.46
1120,1319,38,3,0.0,182.55
1121,1319,3,5,5.0,179.51
1122,1320,9,5,10.0,123.6
1123,1320,14,4,0.0,160.42
1124,1320,10,1,10.0,61.4
1125,1320,41,8,10.0,238.57
1126,1321,20,4,0.0,246.92
1127,1321,23,2,10.0,103.24
1128,1321,27,4,5.0,197.18
1129,1321,1,4,0.0,32.21
1130,1321,36,2,20.0,54.32
1131,1321,16,8,5.0,60.55
1132,1322,3,7,0.0,96.89
1133,1322,4,8,0.0,44.02
1134,1322,42,1,10.0,60.45
1135,1322,24,1,5.0,138.43
1136,1322,19,2,0.0,185.92
1137,1322,14,6,5.0,65.71
1138,1323,21,4,15.0,114.9
1139,1323,15,4,5.0,225.01
1140,1323,8,2,5.0,154.57
1141,1323,44,1,5.0,53.34
1142,1323,43,8,0.0,109.09
1143,1323,7,3,5.0,185.56
1144,1324,23,1,0.0,51.4
1145,1324,18,8,5.0,116.19
1146,1324,13,6,0.0,223.87
1147,1324,22,3,20.0,202.75
1148,1324,9,3,10.0,243.13
1149,1324,3,4,0.0,114.69
1150,1325,32,5,0.0,187.9
1151,1325,14,4,0.0,95.28
1152,1325,38,4,10.0,237.64
1153,1325,31,1,5.0,245.44
1154,1325,30,1,5.0,188.7
1155,1326,3,2,5.0,133.92
1156,1326,28,2,10.0,193.21
1157,1326,34,7,0.0,50.52
1158,1326,26,5,0.0,168.96
1159,1326,31,2,0.0,130.35
1160,1327,11,1,5.0,126.66
1161,1327,30,3,20.0,181.72
1162,1327,37,3,20.0,220.46
1163,1328,30,6,10.0,27.52
1164,1328,41,7,20.0,82.05
1165,1328,1,4,20.0,177.47
1166,1328,43,6,15.0,234.42
1167,1328,5,6,0.0,45.52
1168,1328,25,6,5.0,162.4
1169,1329,24,2,10.0,183.15
1170,1329,12,4,0.0,245.69
1171,1329,42,4,10.0,46.12
1172,1330,38,6,0.0,135.82
1173,1330,14,7,0.0,32.53
1174,1330,15,6,0.0,124.05
1175,1330,21,2,5.0,183.26
1176,1331,35,4,5.0,40.08
1177,1331,19,7,0.0,86.33
1178,1331,29,2,0.0,57.9
1179,1331,40,2,15.0,54.03
1180,1331,24,3,20.0,66.98
1181,1331,5,1,0.0,115.8
1182,1332,35,1,0.0,63.48
1183,1332,9,1,20.0,204.46
1184,1332,31,6,5.0,153.1
1185,1332,23,6,5.0,156.47
1186,1332,27,8,5.0,89.94
1187,1332,29,3,20.0,90.49
1188,1333,15,5,20.0,214.47
1189,1333,31,3,0.0,85.41
1190,1333,24,3,10.0,232.55
1191,1334,35,4,0.0,29.46
1192,1334,19,6,10.0,49.09
1193,1334,12,5,0.0,62.43
1194,1334,42,1,15.0,92.9
1195,1334,10,6,0.0,105.77
1196,1334,11,3,10.0,89.36
1197,1335,26,8,20.0,53.44
1198,1336,21,6,15.0,182.25
1199,1336,10,8,0.0,243.01
1200,1336,1,3,20.0,150.0
1201,1336,35,8,0.0,178.5
1202,1337,31,1,5.0,162.03
1203,1337,3,4,5.0,102.2
1204,1337,9,6,0.0,159.87
1205,1337,36,4,10.0,141.08
1206,1337,8,5,0.0,25.19
1207,1337,20,8,15.0,174.46
1208,1338,33,7,0.0,132.81
1209,1339,39,7,0.0,184.67
1210,1339,33,7,0.0,108.81
1211,1339,4,1,0.0,99.33
1212,1339,43,5,5.0,221.09
1213,1339,24,2,0.0,187.41
1214,1340,27,7,15.0,226.18
1215,1340,29,3,20.0,155.05
1216,1340,19,2,0.0,67.79
1217,1340,11,8,20.0,140.82
1218,1341,5,2,0.0,114.18
1219,1341,38,5,5.0,60.23
1220,1341,25,8,15.0,150.62
1221,1342,13,7,0.0,147.39
1222,1342,12,1,20.0,210.04
1223,1343,20,1,20.0,20.56
1224,1343,32,5,0.0,239.89
1225,1343,36,8,0.0,170.38
1226,1343,30,5,5.0,61.26
1227,1343,15,4,0.0,47.45
1228,1344,32,6,10.0,130.51
1229,1344,5,7,20.0,79.32
1230,1344,39,8,15.0,208.2
1231,1345,33,5,0.0,153.78
1232,1345,37,3,0.0,126.04
1233,1345,2,3,0.0,57.56
1234,1346,24,6,0.0,86.67
1235,1346,27,2,10.0,64.58
1236,1346,41,3,20.0,41.74
1237,1347,35,6,20.0,214.35
1238,1347,21,5,0.0,177.65
1239,1348,24,1,0.0,139.18
1240,1348,7,6,20.0,131.53
1241,1348,35,6,0.0,43.56
1242,1348,38,3,10.0,70.86
1243,1348,23,4,20.0,226.32
1244,1348,10,2,5.0,125.91
1245,1349,8,3,0.0,130.29
1246,1350,24,6,0.0,183.28
1247,1350,9,1,15.0,207.35
1248,1350,29,4,0.0,217.07
1249,1351,15,3,0.0,49.95
1250,1351,20,2,5.0,178.89
1251,1352,5,1,20.0,131.38
1252,1353,3,1,5.0,47.35
1253,1353,13,5,0.0,35.24
1254,1353,7,1,20.0,42.2
1255,1353,43,2,10.0,67.24
1256,1354,12,6,0.0,40.88
1257,1354,43,5,10.0,100.0
1258,1355,33,4,10.0,151.15
1259,1355,40,2,20.0,152.97
1260,1356,34,4,15.0,64.06
1261,1357,11,2,0.0,231.71
1262,1357,35,8,0.0,180.57
1263,1357,1,3,5.0,174.91
1264,1358,12,6,5.0,117.54
1265,1359,15,2,10.0,51.26
1266,1359,27,6,15.0,86.3
1267,1359,8,1,0.0,95.47
1268,1359,21,2,5.0,85.23
1269,1359,30,5,15.0,244.52
1270,1360,15,7,0.0,217.06
1271,1360,36,8,15.0,104.51
1272,1360,27,1,15.0,133.08
1273,1360,19,2,5.0,120.75
1274,1361,44,2,15.0,232.82
1275,1361,6,3,0.0,103.65
1276,1361,8,4,0.0,66.06
1277,1361,10,7,0.0,73.56
1278,1361,26,7,15.0,134.8
1279,1361,40,5,20.0,201.58
1280,1362,26,5,0.0,196.64
1281,1362,23,2,0.0,77.66
1282,1362,31,8,0.0,164.53
1283,1362,39,3,0.0,42.91
1284,1362,44,1,20.0,35.69
1285,1362,32,1,0.0,108.01
1286,1363,21,2,15.0,192.87
1287,1363,10,8,20.0,127.19
1288,1363,20,5,15.0,134.52
1289,1363,40,5,10.0,99.03
1290,1363,41,1,20.0,27.27
1291,1363,7,7,0.0,108.23
1292,1364,25,1,0.0,60.68
1293,1364,29,5,15.0,57.75
1294,1364,30,7,0.0,91.87
1295,1365,32,8,15.0,147.37
1296,1365,8,8,5.0,149.32
1297,1365,37,3,10.0,32.82
1298,1365,44,5,5.0,155.94
1299,1366,40,6,0.0,26.47
1300,1366,44,1,0.0,212.49
1301,1366,23,6,20.0,190.67
1302,1366,19,1,20.0,225.01
1303,1367,25,6,0.0,114.74
1304,1367,7,1,15.0,76.17
1305,1367,28,4,15.0,91.78
1306,1368,5,5,0.0,97.65
1307,1369,35,6,0.0,126.01
1308,1370,37,1,15.0,128.03
1309,1370,33,1,0.0,106.88
1310,1370,27,7,0.0,151.68
1311,1370,18,8,0.0,178.9
1312,1371,22,6,0.0,161.41
1313,1371,32,6,5.0,66.4
1314,1372,5,5,10.0,112.47
1315,1372,35,4,10.0,190.86
1316,1372,14,2,15.0,214.16
1317,1372,19,2,10.0,97.47
1318,1372,17,2,10.0,204.27
1319,1372,4,8,5.0,68.24
1320,1373,42,5,10.0,204.95
1321,1374,43,7,5.0,77.79
1322,1374,35,8,15.0,195.59
1323,1374,21,3,0.0,164.4
1324,1374,13,3,10.0,134.82
1325,1375,30,1,10.0,66.15
1326,1375,18,8,0.0,75.29
1327,1375,41,5,20.0,120.14
1328,1375,35,6,20.0,210.95
1329,1375,40,2,15.0,66.82
1330,1375,28,7,0.0,209.45
1331,1376,11,2,0.0,64.14
1332,1376,17,4,20.0,210.26
1333,1376,39,8,5.0,148.76
1334,1376,16,7,5.0,168.79
1335,1376,26,1,0.0,56.65
1336,1376,41,3,0.0,79.43
1337,1377,43,1,15.0,131.74
1338,1377,36,1,0.0,217.7
1339,1377,12,2,0.0,158.37
1340,1378,27,6,15.0,171.21
1341,1379,26,3,0.0,45.74
1342,1380,33,8,0.0,74.76
1343,1380,8,2,20.0,205.54
1344,1380,34,6,20.0,154.4
1345,1380,38,7,20.0,192.13
1346,1380,42,4,5.0,70.14
1347,1380,17,2,0.0,69.24
1348,1381,29,1,5.0,142.7
1349,1381,27,2,0.0,145.52
1350,1381,17,8,15.0,76.66
1351,1382,10,6,20.0,90.88
1352,1382,24,1,20.0,190.07
1353,1382,31,1,15.0,231.02
1354,1383,16,2,10.0,219.4
1355,1383,17,8,5.0,21.81
1356,1383,36,7,0.0,89.2
1357,1383,25,4,0.0,68.39
1358,1383,20,3,5.0,165.21
1359,1383,24,7,20.0,27.79
1360,1384,32,8,15.0,114.98
1361,1385,28,5,10.0,35.26
1362,1385,7,7,10.0,187.72
1363,1385,11,6,5.0,179.9
1364,1386,42,3,15.0,121.98
1365,1387,9,2,0.0,56.3
1366,1387,1,3,20.0,156.62
1367,1387,26,7,20.0,236.07
1368,1387,13,8,5.0,220.91
1369,1387,20,3,0.0,59.9
1370,1387,21,6,20.0,84.81
1371,1388,27,6,0.0,110.5
1372,1389,37,4,0.0,244.05
1373,1389,15,4,0.0,181.29
1374,1389,2,3,0.0,112.24
1375,1389,36,7,10.0,79.84
1376,1390,24,3,10.0,46.99
1377,1391,34,4,0.0,237.59
1378,1391,28,5,0.0,191.68
1379,1391,30,7,0.0,119.2
1380,1391,32,4,10.0,69.58
1381,1391,8,5,15.0,175.75
1382,1391,15,7,0.0,113.96
1383,1392,2,5,0.0,162.07
1384,1392,19,4,0.0,154.07
1385,1393,30,7,15.0,68.81
1386,1393,6,7,15.0,117.36
1387,1393,1,5,0.0,41.91
1388,1393,31,1,0.0,96.56
1389,1393,9,4,5.0,228.89
1390,1393,21,1,0.0,78.34
1391,1394,25,3,10.0,29.46
1392,1394,20,3,0.0,59.07
1393,1394,26,8,0.0,221.92
1394,1394,43,3,0.0,92.98
1395,1394,24,7,0.0,79.89
1396,1395,3,5,15.0,102.94
1397,1395,9,7,0.0,227.64
1398,1395,32,5,10.0,210.81
1399,1396,34,3,0.0,189.48
1400,1396,21,8,20.0,238.51
1401,1396,28,8,0.0,63.45
1402,1397,15,3,0.0,128.16
1403,1398,30,2,5.0,29.38
1404,1398,28,6,15.0,149.0
1405,1399,32,2,0.0,219.68
1406,1399,8,3,20.0,58.71
1407,1399,10,5,10.0,224.91
1408,1399,23,4,10.0,249.54
1409,1400,34,3,5.0,231.7
1410,1401,32,2,0.0,25.97
1411,1401,44,2,5.0,105.92
1412,1402,21,3,0.0,38.64
1413,1403,43,1,0.0,243.05
1414,1403,31,8,0.0,237.91
1415,1403,30,3,0.0,218.55
1416,1403,41,5,0.0,203.57
1417,1403,18,2,10.0,238.94
1418,1403,39,7,0.0,111.74
1419,1404,16,2,0.0,216.04
1420,1404,26,3,5.0,199.28
1421,1405,42,5,5.0,204.25
1422,1405,10,5,15.0,158.81
1423,1405,8,6,15.0,42.11
1424,1406,33,8,5.0,129.58
1425,1406,13,7,0.0,193.99
1426,1406,32,6,10.0,62.86
1427,1407,28,4,15.0,177.83
1428,1407,6,3,5.0,141.27
1429,1407,3,2,0.0,127.69
1430,1407,33,2,20.0,129.85
1431,1407,22,3,0.0,177.39
1432,1407,30,5,20.0,77.19
1433,1408,19,2,0.0,138.09
1434,1408,37,7,5.0,41.73
1435,1408,4,5,0.0,78.62
1436,1408,36,2,20.0,135.79
1437,1409,43,8,0.0,200.82
1438,1410,3,6,10.0,186.54
1439,1410,6,8,10.0,205.8
1440,1410,27,6,20.0,206.3
1441,1410,20,4,0.0,37.99
1442,1411,17,1,0.0,110.83
1443,1411,44,1,0.0,170.83
1444,1411,7,8,15.0,113.17
1445,1411,28,8,0.0,162.25
1446,1411,35,6,15.0,174.97
1447,1412,44,1,0.0,45.74
1448,1412,26,1,15.0,243.22
1449,1412,20,1,0.0,130.66
1450,1412,6,3,15.0,75.61
1451,1412,9,4,0.0,89.21
1452,1412,40,8,0.0,129.02
1453,1413,8,3,0.0,189.92
1454,1414,32,4,0.0,87.81
1455,1414,31,7,0.0,96.79
1456,1414,2,2,15.0,214.95
1457,1414,29,7,5.0,215.18
1458,1415,38,7,5.0,138.07
1459,1415,39,8,0.0,184.29
1460,1415,36,1,5.0,152.57
1461,1415,19,2,0.0,225.36
1462,1415,3,7,5.0,46.9
1463,1415,32,6,5.0,180.43
1464,1416,11,5,15.0,64.21
1465,1417,29,4,10.0,229.09
1466,1417,15,6,10.0,216.29
1467,1417,33,8,0.0,223.13
1468,1418,25,4,0.0,178.86
1469,1418,27,2,15.0,131.06
1470,1418,42,3,0.0,55.95
1471,1418,24,8,0.0,202.5
1472,1418,31,8,0.0,73.99
1473,1418,11,1,0.0,102.52
1474,1419,23,3,20.0,217.68
1475,1419,44,1,20.0,34.64
1476,1419,11,7,0.0,162.04
1477,1420,36,4,5.0,79.3
1478,1421,23,5,0.0,216.28
1479,1421,3,2,15.0,31.6
1480,1421,36,8,20.0,125.14
1481,1422,7,2,20.0,149.37
1482,1423,7,6,0.0,187.52
1483,1423,11,8,20.0,136.36
1484,1423,41,2,0.0,168.83
1485,1423,8,6,20.0,51.69
1486,1423,14,4,5.0,243.02
1487,1424,16,8,0.0,85.95
1488,1425,6,6,15.0,193.61
1489,1425,18,6,15.0,172.95
1490,1426,34,4,0.0,204.41
1491,1426,27,7,5.0,226.56
1492,1427,44,1,15.0,205.44
1493,1427,24,2,0.0,97.81
1494,1427,2,7,20.0,57.79
1495,1427,29,1,5.0,194.61
1496,1427,10,3,10.0,33.3
1497,1428,43,5,15.0,190.82
1498,1428,34,6,0.0,210.21
1499,1428,19,3,15.0,112.91
1500,1428,27,4,10.0,163.6
1501,1428,26,8,15.0,99.41
1502,1428,36,7,20.0,65.38
1503,1429,6,6,5.0,186.77
1504,1429,3,3,10.0,248.14
1505,1429,35,5,0.0,41.35
1506,1430,20,1,0.0,224.77
1507,1430,34,5,0.0,211.41
1508,1430,22,5,15.0,117.23
1509,1430,41,2,15.0,33.79
1510,1430,11,6,0.0,164.21
1511,1431,8,2,5.0,88.53
1512,1431,4,1,5.0,97.97
1513,1431,42,4,20.0,191.52
1514,1432,37,4,0.0,88.82
1515,1432,41,3,15.0,106.86
1516,1432,43,4,0.0,95.4
1517,1432,35,4,20.0,199.07
1518,1432,39,8,0.0,53.71
1519,1433,27,3,5.0,69.4
1520,1433,6,2,0.0,175.67
1521,1433,4,7,10.0,148.56
1522,1433,28,7,20.0,80.65
1523,1434,41,7,20.0,57.45
1524,1434,28,3,5.0,183.56
1525,1434,29,3,15.0,138.03
1526,1434,32,2,15.0,68.91
1527,1435,3,2,10.0,216.03
1528,1435,11,2,0.0,105.0
1529,1435,36,5,0.0,140.24
1530,1435,24,2,0.0,90.13
1531,1436,20,1,20.0,52.86
1532,1436,19,7,0.0,235.47
1533,1436,32,5,0.0,69.58
1534,1437,32,1,5.0,130.67
1535,1437,1,5,10.0,124.05
1536,1437,8,6,20.0,106.78
1537,1437,36,3,20.0,51.86
1538,1437,23,8,20.0,123.48
1539,1437,5,8,0.0,219.26
1540,1438,6,7,5.0,73.55
1541,1438,40,7,0.0,144.43
1542,1438,43,8,15.0,83.8
1543,1439,11,1,10.0,164.93
1544,1440,20,4,10.0,144.62
1545,1440,36,1,10.0,140.0
1546,1440,42,8,10.0,226.28
1547,1440,8,2,15.0,235.32
1548,1440,43,3,0.0,83.24
1549,1440,6,4,0.0,210.83
1550,1441,29,7,10.0,30.35
1551,1441,6,1,0.0,120.51
1552,1441,35,7,0.0,217.72
1553,1441,39,6,5.0,79.15
1554,1441,21,2,0.0,144.61
1555,1442,10,2,0.0,90.56
1556,1442,12,7,15.0,58.91
1557,1442,17,6,0.0,26.25
1558,1443,20,7,0.0,93.61
1559,1444,21,1,0.0,75.11
1560,1444,17,4,5.0,136.98
1561,1444,25,7,0.0,81.94
1562,1444,8,6,5.0,147.22
1563,1445,31,1,5.0,165.71
1564,1446,18,2,0.0,195.49
1565,1447,9,4,20.0,242.62
1566,1447,20,6,10.0,246.62
1567,1447,37,4,10.0,239.1
1568,1447,27,8,0.0,20.23
1569,1447,29,8,20.0,162.77
1570,1447,6,3,0.0,33.84
1571,1448,18,7,0.0,213.76
1572,1448,39,4,10.0,213.36
1573,1448,17,5,0.0,57.13
1574,1448,44,2,0.0,40.63
1575,1449,8,6,15.0,237.44
1576,1449,9,5,20.0,182.78
1577,1449,36,5,0.0,172.32
1578,1449,18,6,0.0,68.44
1579,1449,28,6,0.0,230.22
1580,1449,14,3,15.0,232.12
1581,1450,31,8,20.0,110.34
1582,1450,1,2,20.0,221.65
1583,1450,44,2,10.0,27.12
1584,1450,12,8,15.0,48.39
1585,1450,27,7,20.0,158.3
1586,1451,12,6,0.0,122.25
1587,1451,1,4,15.0,24.55
1588,1451,8,5,15.0,231.92
1589,1451,30,6,0.0,40.69
1590,1452,41,1,0.0,133.35
1591,1452,20,4,0.0,65.1
1592,1452,15,7,0.0,220.08
1593,1452,32,8,0.0,146.91
1594,1452,24,3,0.0,155.28
1595,1453,5,5,0.0,214.96
1596,1453,9,1,15.0,175.88
1597,1453,17,5,15.0,148.83
1598,1453,37,8,0.0,235.71
1599,1453,15,1,20.0,235.91
1600,1453,34,7,20.0,248.87
1601,1454,8,8,5.0,103.14
1602,1454,44,1,15.0,71.65
1603,1454,34,5,5.0,142.45
1604,1455,1,6,0.0,222.42
1605,1455,26,1,15.0,71.89
1606,1455,13,7,0.0,230.91
1607,1456,11,5,0.0,163.98
1608,1456,22,2,0.0,130.39
1609,1457,38,6,20.0,77.59
1610,1458,31,4,0.0,211.48
1611,1459,34,8,20.0,42.0
1612,1459,16,8,10.0,48.71
1613,1459,5,1,0.0,106.8
1614,1460,5,7,0.0,43.42
1615,1460,9,1,10.0,32.01
1616,1460,4,7,5.0,42.04
1617,1460,29,7,0.0,218.85
1618,1460,42,1,5.0,108.3
1619,1460,20,7,10.0,162.42
1620,1461,42,8,10.0,95.48
1621,1461,44,4,0.0,43.62
1622,1461,2,2,10.0,201.57
1623,1462,37,5,0.0,116.83
1624,1462,9,8,0.0,75.93
1625,1463,4,3,0.0,154.44
1626,1464,42,3,0.0,127.99
1627,1464,23,6,0.0,104.83
1628,1464,20,1,10.0,154.88
1629,1464,38,3,0.0,74.6
1630,1464,35,1,5.0,99.08
1631,1465,41,2,0.0,63.55
1632,1465,13,8,15.0,179.12
1633,1466,39,6,10.0,88.92
1634,1466,22,6,0.0,44.12
1635,1466,38,1,5.0,70.46
1636,1466,37,1,15.0,71.3
1637,1467,30,4,0.0,130.57
1638,1467,40,6,20.0,190.22
1639,1468,26,1,0.0,22.28
1640,1468,12,6,0.0,147.58
1641,1469,19,4,15.0,154.71
1642,1469,29,6,0.0,244.32
1643,1470,13,3,0.0,223.64
1644,1470,19,3,0.0,214.93
1645,1471,12,1,0.0,213.86
1646,1471,13,2,0.0,211.23
1647,1472,25,2,0.0,235.31
1648,1472,42,5,5.0,75.23
1649,1473,43,7,15.0,35.04
1650,1473,11,3,0.0,202.83
1651,1473,34,4,10.0,106.98
1652,1474,21,4,0.0,195.51
1653,1474,39,4,20.0,143.16
1654,1474,28,3,0.0,76.85
1655,1475,18,2,20.0,128.25
1656,1475,9,2,0.0,136.98
1657,1475,33,6,5.0,139.35
1658,1475,38,3,0.0,183.87
1659,1475,32,8,15.0,239.82
1660,1475,14,8,0.0,153.67
1661,1476,38,8,20.0,73.91
1662,1476,42,4,0.0,117.76
1663,1476,3,7,10.0,56.16
1664,1476,14,6,0.0,146.63
1665,1476,15,3,20.0,39.33
1666,1476,13,8,10.0,100.86
1667,1477,3,7,5.0,127.54
1668,1477,30,7,0.0,205.04
1669,1477,33,6,0.0,107.95
1670,1477,40,3,5.0,73.77
1671,1477,22,2,0.0,227.34
1672,1478,33,2,20.0,83.58
1673,1478,35,4,0.0,47.28
1674,1478,42,6,0.0,145.59
1675,1479,13,5,0.0,191.4
1676,1479,44,5,0.0,182.3
1677,1479,22,3,20.0,193.05
1678,1480,35,7,5.0,209.03
1679,1480,17,1,5.0,170.44
1680,1480,1,3,20.0,111.43
1681,1480,20,4,15.0,192.3
1682,1480,19,8,0.0,138.64
1683,1480,23,8,15.0,207.31
1684,1481,6,7,20.0,236.64
1685,1481,21,7,0.0,120.9
1686,1481,13,1,0.0,51.96
1687,1482,20,8,20.0,171.54
1688,1482,1,6,0.0,71.86
1689,1483,44,6,10.0,25.35
1690,1483,26,1,0.0,55.35
1691,1483,35,6,10.0,164.86
1692,1483,20,7,5.0,66.97
1693,1484,5,8,0.0,95.63
1694,1484,35,8,15.0,225.79
1695,1484,25,2,0.0,43.99
1696,1484,13,3,0.0,210.09
1697,1485,32,7,0.0,67.36
1698,1485,2,5,15.0,140.61
1699,1485,12,8,0.0,104.79
1700,1485,13,1,0.0,95.16
1701,1485,5,7,5.0,56.12
1702,1486,9,7,5.0,190.92
1703,1487,14,8,0.0,158.85
1704,1487,9,5,10.0,66.68
1705,1487,20,8,0.0,66.39
1706,1487,28,3,5.0,34.71
1707,1488,39,8,5.0,126.42
1708,1488,16,1,15.0,40.95
1709,1488,34,8,0.0,181.07
1710,1488,22,5,5.0,161.0
1711,1489,27,3,10.0,188.65
1712,1489,16,8,5.0,229.49
1713,1490,37,7,15.0,237.51
1714,1490,7,4,20.0,56.32
1715,1491,35,2,0.0,37.6
1716,1491,19,2,10.0,196.3
1717,1491,5,6,5.0,123.72
1718,1491,14,5,0.0,136.39
1719,1491,32,8,0.0,36.83
1720,1491,27,8,5.0,99.04
1721,1492,13,5,0.0,183.09
1722,1492,26,3,0.0,174.17
1723,1492,3,8,5.0,126.11
1724,1492,1,2,10.0,171.12
1725,1493,29,1,10.0,43.12
1726,1493,9,5,0.0,142.97
1727,1493,31,7,0.0,37.84
1728,1493,18,1,15.0,82.85
1729,1493,11,8,0.0,60.93
1730,1493,40,1,15.0,142.43
1731,1494,4,2,5.0,178.78
1732,1494,41,8,0.0,157.59
1733,1494,34,1,20.0,106.8
1734,1494,42,4,0.0,106.17
1735,1495,13,1,5.0,26.43
1736,1495,6,1,0.0,208.72
1737,1496,43,1,5.0,137.88
1738,1496,5,6,0.0,149.27
1739,1496,15,4,10.0,67.64
1740,1496,7,7,5.0,47.78
1741,1496,11,4,0.0,102.01
1742,1496,40,3,0.0,112.49
1743,1497,1,8,0.0,35.18
1744,1497,25,5,15.0,163.5
1745,1497,14,1,0.0,223.66
1746,1498,20,3,0.0,240.58
1747,1498,39,6,15.0,180.15
1748,1498,32,3,0.0,60.33
1749,1498,7,6,20.0,173.27
1750,1499,22,1,10.0,229.78
1751,1500,25,1,0.0,24.88
1752,1500,33,2,0.0,74.37
1753,1500,41,7,20.0,76.02
1754,1500,15,2,0.0,51.64
